comparison,n,agreement
pair_org_vs_new,755,0.8145695364238411
behavior_full,864,0.8622685185185185
