{
    "Conflicts between Phrase Constraints and Content Constraints": {
        "new_constraint_sr": 0.7446808510638298,
        "org_constraint_sr": 0.22340425531914893,
        "num": 94
    },
    "avg_new_constraint_sr": 0.7446808510638298,
    "avg_org_constraint_sr": 0.22340425531914893,
    "total": 94,
    "judge_model": "google/gemma-4-26B-A4B-it"
}