{
    "Conflicts between Phrase Constraints and Content Constraints": {
        "new_constraint_sr": 0.6914893617021277,
        "org_constraint_sr": 0.2765957446808511,
        "num": 94
    },
    "avg_new_constraint_sr": 0.6914893617021277,
    "avg_org_constraint_sr": 0.2765957446808511,
    "total": 94,
    "judge_model": "google/gemma-4-26B-A4B-it"
}