conflict_type_idx,new_choice_rate,self_resolves_rate,model_id
1,0.33695652173913043,0.17,Qwen/Qwen3.5-9B
2,0.47126436781609193,0.06,Qwen/Qwen3.5-9B
3,0.06666666666666667,0.04,Qwen/Qwen3.5-9B
4,0.3229166666666667,0.08,Qwen/Qwen3.5-9B
5,0.5056179775280899,0.01,Qwen/Qwen3.5-9B
6,0.5638297872340425,0.09,Qwen/Qwen3.5-9B
7,0.5578947368421052,0.17,Qwen/Qwen3.5-9B
8,0.7608695652173914,0.5957446808510638,Qwen/Qwen3.5-9B
9,0.9130434782608695,0.3,Qwen/Qwen3.5-9B
