{
    "Conflicts between Phrase Constraints and Style Constraints": {
        "new_constraint_sr": 0.9142857142857143,
        "org_constraint_sr": 0.05714285714285714,
        "num": 70
    },
    "avg_new_constraint_sr": 0.9142857142857143,
    "avg_org_constraint_sr": 0.05714285714285714,
    "total": 70,
    "judge_model": "google/gemma-4-26B-A4B-it"
}